driverId,name,ssn,location,certified,wage-plan
10,Robert Ortiz,728-53-1014,"2670 French Inlet Suite 063
Lake Phillip, VI 10478",Y,hours
11,Stephen Moore,712-71-2046,"837 Dawn Dale
Kellermouth, MD 53883",Y,miles
12,Alyssa Parker,654-05-2772,"9150 Lawson Drive
East Stacyside, FM 73362",N,hours
13,William Navarro,793-52-5877,"156 Thomas Corner Suite 886
Choiland, WA 88004",N,miles
14,Rebecca Maldonado,006-54-9697,"96822 Green Garden Apt. 127
New Jasonstad, NE 07535",N,miles
15,Veronica Barker,170-28-9784,"PSC 0271, Box 2848
APO AP 66757",Y,hours
16,Sarah Russell,677-19-1285,"03938 Craig Cove Apt. 517
Smithton, PW 11200",Y,hours
17,Angel Gonzalez,120-07-6119,"PSC 3258, Box 9607
APO AP 84498",N,hours
18,Mrs. Cathy Duncan,834-12-6364,"26743 Scott Mount
Ashleyland, FL 72664",N,hours
19,Cindy Zavala,444-65-8796,"3398 Cruz Locks Apt. 201
New Justinton, VA 55334",N,hours
20,Breanna Zhang,607-51-0667,"443 Becker Rue Suite 549
Donnaville, VA 33968",N,hours
21,Brian Smith,071-44-0889,"522 Walters Island Apt. 515
Jonesville, VT 77348",N,miles
22,Kelly Butler,813-76-4715,"377 Evelyn Row
Lake Andrea, WA 66761",Y,hours
23,Dwayne Moore,189-39-3340,"9952 Mcclure Glen
Shaneport, VA 56267",Y,miles
24,Haley Finley,280-82-7880,"36165 Cross Crossroad
East Peterstad, PR 36273",Y,hours
25,Benjamin Sanders,048-95-9105,"35006 Monroe Track
Lake Chadtown, HI 77802",N,hours
26,Justin Fowler,337-34-6512,"USNV Bolton
FPO AP 32481",N,hours
27,Thomas Hodges,105-36-4331,"63937 Pope Row Suite 827
Port Megan, LA 14346",N,miles
28,Briana Haynes,753-48-8456,"305 Jimenez Lakes Apt. 207
New Mathewhaven, GA 06066",N,miles
29,Michael Lopez,386-63-1048,"853 Rodriguez Forges Suite 820
East Pamelaborough, VA 21219",N,hours
30,Maria Foster,417-58-7339,"04290 Stephanie Via Suite 055
Shannonberg, IL 78849",Y,hours
31,Angela Smith,280-87-1936,"USS Henderson
FPO AP 76556",N,hours
32,Jessica Grant,741-26-2962,"9169 Anderson Harbor Apt. 024
Alexandraview, OR 12726",N,miles
33,Caitlin Ortega,875-13-2098,"5115 Powell Valleys Apt. 306
North Jamie, IN 86921",Y,hours
34,Rachel Delgado,192-03-9140,"3516 Black Mountains
South Jason, OR 62018",Y,miles
35,Jennifer Fernandez,739-11-5631,"38768 Ruth Roads Suite 998
Weberland, AR 69170",Y,miles
36,Christopher Moody,716-14-9572,"5584 Bradley Isle
Kennedytown, PA 66704",N,hours
37,Daniel Moss,405-98-1783,"4017 Jamie Land
East Pamela, LA 33449",Y,miles
38,Deanna Gomez,769-98-2435,"8515 Graves Point
Lake Carolshire, AK 38940",Y,hours
39,Rachel Miller,254-03-5418,"3801 Contreras Haven
Scottchester, PR 25337",Y,miles
40,Jennifer Moore,626-46-6025,"Unit 5509 Box 8435
DPO AP 79442",Y,miles
41,Scott Rhodes,075-08-7540,"088 Miller Forks Apt. 515
New Markburgh, MO 42145",N,miles
42,Suzanne Keith,081-18-0826,"55986 Kevin Route
Deborahview, GA 95715",Y,miles
43,Michael Saunders,232-52-1058,"39731 Dustin Plains
Port Caitlinville, NV 34444",N,hours
44,Renee Bennett,348-06-8658,"489 Pittman Stravenue
Lake Amber, WI 42370",N,hours
45,Carol Patel,521-63-3212,"837 George Meadows
Lauraland, WV 91936",N,hours
46,Mr. Richard Dougherty MD,453-89-3483,"70278 Jennifer Dale Apt. 245
Johnhaven, MT 98460",N,miles
47,Lori Turner,532-79-4057,"663 Brian Point
Port Davidville, NV 02515",N,hours
48,Matthew Smith,442-27-2581,"05483 Burns Fields Apt. 602
Jessicafort, LA 84341",N,miles
49,Suzanne Green,482-38-3487,"64871 Carroll Shoal
East Cynthia, NJ 32549",N,hours
50,Christian Sutton,039-59-2706,"636 Christopher Road
Alexanderview, CO 49630",Y,miles
51,Amy Ross,692-51-6193,"6248 Kevin Loop
Lake Jasonland, AZ 30359",Y,hours
52,Alexandra Lawrence,290-33-7395,"649 Edward Avenue Apt. 748
New Erin, AK 83233",N,miles
53,Kerry Moss,692-53-3663,"011 Timothy Cliffs
Rosalesfort, AR 65700",Y,hours
54,Mary Holt,150-95-1836,"52590 Matthew Harbor Apt. 747
Port Michaelshire, AS 11528",Y,miles
55,Terry Hill,411-05-1764,"139 Jeffrey Drives
Griffinport, TX 96386",Y,hours
56,Stephen Wells,491-78-3661,"5886 Valentine Vista
Gonzalezberg, MT 68379",Y,miles
57,Benjamin Ballard,767-48-1506,"973 Shannon Plaza Apt. 978
Port Henry, SD 64157",N,miles
58,Matthew Mercado,491-08-8634,"0988 Ray Ford Suite 769
Lake Samuelview, CT 33328",Y,hours
59,John Lester,289-31-2942,"76773 Kara Hills Apt. 635
North Ashley, TX 91304",Y,hours
60,Travis Mason,348-85-8598,"755 Rodriguez Gateway Apt. 682
South Amber, ME 53304",Y,miles
61,Christine Singleton,650-57-6137,"48659 Michelle Street
Camachofort, LA 60814",N,hours
62,Dr. Lori Sheppard DDS,392-40-2981,"15480 Brian Overpass
Lake Christina, MD 60864",Y,hours
63,Susan Beck,566-58-9337,"165 David Canyon
Lawrencemouth, OR 16894",N,hours
64,Jessica Padilla,066-50-7861,"0212 Lee Mission Apt. 560
Freemanfort, WY 34898",N,miles
65,Jordan Boyd,870-10-4550,"70218 Rivera Mountains Apt. 239
East Jessicashire, NY 27746",Y,hours
66,Alicia Olson MD,113-39-6396,"999 Baker Drive Apt. 992
Port Jennifer, NM 13801",Y,hours
67,Martin Watson,749-91-7591,"5241 Campbell Trace Suite 698
New Gloria, UT 98230",Y,miles
68,Joseph Gordon,047-30-5541,"18452 William Stravenue
East Brianland, IA 39157",N,miles
69,Angela Brown,464-16-8873,"3906 Jessica Overpass Apt. 229
Port Bruce, AR 85896",Y,hours
70,Melissa Flores,049-02-5272,"6177 Juan Loop
Jacobsbury, NH 91011",Y,miles
71,Stacey Lane,702-47-7627,"0367 Strickland Locks Apt. 372
Ibarraville, KY 45320",Y,hours
72,Seth Graham,320-37-4642,"3026 Jeffrey Causeway
North Ashley, PA 30576",N,hours
73,Michael Walters,272-82-4157,"3091 Joel Plain
Port Shannon, GU 41076",N,hours
74,Joshua Hull,065-12-4537,"258 Steven Corners Apt. 625
North Michaelfurt, NE 21121",N,miles
75,Brian Byrd,736-20-1853,"98125 Diamond Ramp
Michaelview, VT 19496",N,hours
76,Tara Horton,519-06-0856,"91879 Sampson Vista
Erikabury, ND 38222",Y,miles
77,Nina Parker,689-83-4219,"682 Kevin Forges Apt. 271
Jacksonport, VT 26227",N,miles
78,Alexandria Sims,561-19-9073,"8046 Young Circle Suite 563
West Michelle, CA 65657",N,hours
79,Rebecca Burton PhD,492-48-0007,"472 Johnson Curve Suite 920
Lake Shannonhaven, MH 48675",Y,miles
80,Rita Butler,822-35-0043,"9432 Schmidt Fall
Ballardville, AR 30751",Y,hours
81,Robert Flores,449-52-0518,"11541 Raymond Mountains
Michaelside, IN 49668",N,hours
82,Henry Lowe,401-87-9395,"0042 Davis Neck Suite 198
Jenkinsburgh, MS 04102",N,miles
83,Karen Harrell,073-82-3684,"USNS Terry
FPO AP 67555",N,hours
84,Jennifer Harris,740-26-6988,"24400 Bauer Forest
North Jamestown, GA 54637",Y,hours
85,Cindy Mann,457-93-9243,"55377 Ortiz Coves
South Anthonyport, DC 05865",N,hours
86,Scott Caldwell,698-20-0026,"63066 Kyle Ports Suite 843
New Dana, IN 19650",Y,hours
87,Robert Walker,341-34-5359,"19439 Johnston Hills
New Brendabury, SC 37417",N,miles
88,Isaiah Russell,411-52-3111,"73338 Bryant Courts
Jonestown, TX 34858",Y,miles
89,Michelle Mays,099-91-8279,"848 Santana Pass Apt. 070
Lake Angela, RI 29745",N,miles
90,Rebecca Coleman,189-49-1095,"65890 Mcdowell Skyway Apt. 074
South Javierhaven, AL 31532",Y,hours
91,Taylor Smith,800-79-1773,"6201 Bean Lane
Jasminemouth, VT 98904",Y,hours
92,Tracy Wright,704-24-4001,"2395 Latoya Path
Campbellchester, RI 74306",N,hours
93,Kelsey Boyd,442-23-6687,"669 Jill Crossing Apt. 254
East Elizabethshire, IN 19549",Y,miles
94,James Clark,639-54-9013,"096 Thornton Passage Suite 409
Warnerfort, AS 81528",Y,hours
95,Christopher Bautista,424-38-6999,"87865 Wilkins Viaduct
Frederickport, MS 67964",Y,miles
96,Kathryn Bennett,697-02-6323,"85087 Ryan Alley Suite 818
South William, WI 81010",N,hours
97,Jason Watkins,390-32-7016,"3107 Nguyen Trace Suite 658
Port Robert, UT 28306",Y,miles
98,Benjamin Smith,508-30-7734,"868 Michael Mill
Jamesmouth, MD 43605",N,miles
99,Michelle Manning,002-61-7421,"83739 Rebecca Prairie Suite 872
South Ashleyport, MN 75828",Y,miles
100,John Stewart,863-06-3871,"Unit 6858 Box 8798
DPO AA 75727",Y,miles
101,Michelle Reed,735-35-5123,"244 Olivia Port
Cooperhaven, IA 22472",N,hours
102,Scott Clark,479-85-9859,"1661 Jennifer Garden
New Elizabethberg, HI 73085",Y,miles
103,Michael Stevens,453-25-6368,"104 Jessica Mountains
West Kathyside, ND 05156",N,hours
104,Brandon Harris,533-37-1392,"86818 Jennifer Walk Apt. 500
Port Jaredville, ME 86853",Y,hours
105,Amanda Ramirez,584-64-3778,"Unit 9980 Box 7335
DPO AE 37050",Y,hours
106,Bethany Stewart,408-69-1470,"1797 Richardson Islands Suite 484
Jamesborough, WI 59483",Y,hours
107,Ashlee Brown,597-77-9512,"0818 Lisa Summit Apt. 702
Bradshawland, MO 61634",N,miles
108,Michelle Fields,686-34-5926,"74728 Lauren Inlet
Fosterchester, NJ 64692",N,hours
109,Peter Smith,168-04-6736,"693 Jennifer Extensions
West Christophertown, DE 74985",Y,miles
